<?xml version="1.0" encoding="UTF-8"?>
<java version="11.0.19" class="java.beans.XMLDecoder">
 <object class="java.util.LinkedHashMap">
  <void method="put">
   <string>version</string>
   <float>49.0</float>
  </void>
  <void method="put">
   <string>type</string>
   <int>8</int>
  </void>
  <void method="put">
   <string>certversion</string>
   <string>X509v3</string>
  </void>
  <void method="put">
   <string>encodedvalidity</string>
   <string>30y</string>
  </void>
  <void method="put">
   <string>usecertificatevalidityoffset</string>
   <boolean>false</boolean>
  </void>
  <void method="put">
   <string>certificatevalidityoffset</string>
   <string>-10m</string>
  </void>
  <void method="put">
   <string>useexpirationrestrictionforweekdays</string>
   <boolean>false</boolean>
  </void>
  <void method="put">
   <string>expirationrestrictionforweekdaysbefore</string>
   <boolean>true</boolean>
  </void>
  <void method="put">
   <string>expirationrestrictionweekdays</string>
   <object class="java.util.ArrayList">
    <void method="add">
     <boolean>true</boolean>
    </void>
    <void method="add">
     <boolean>true</boolean>
    </void>
    <void method="add">
     <boolean>false</boolean>
    </void>
    <void method="add">
     <boolean>false</boolean>
    </void>
    <void method="add">
     <boolean>false</boolean>
    </void>
    <void method="add">
     <boolean>true</boolean>
    </void>
    <void method="add">
     <boolean>true</boolean>
    </void>
   </object>
  </void>
  <void method="put">
   <string>allowvalidityoverride</string>
   <boolean>true</boolean>
  </void>
  <void method="put">
   <string>description</string>
   <string></string>
  </void>
  <void method="put">
   <string>allowextensionoverride</string>
   <boolean>false</boolean>
  </void>
  <void method="put">
   <string>allowdnoverride</string>
   <boolean>false</boolean>
  </void>
  <void method="put">
   <string>allowdnoverridebyeei</string>
   <boolean>false</boolean>
  </void>
  <void method="put">
   <string>allowbackdatedrevokation</string>
   <boolean>false</boolean>
  </void>
  <void method="put">
   <string>usecertificatestorage</string>
   <boolean>true</boolean>
  </void>
  <void method="put">
   <string>storecertificatedata</string>
   <boolean>true</boolean>
  </void>
  <void method="put">
   <string>storesubjectaltname</string>
   <boolean>true</boolean>
  </void>
  <void method="put">
   <string>usebasicconstrants</string>
   <boolean>true</boolean>
  </void>
  <void method="put">
   <string>basicconstraintscritical</string>
   <boolean>true</boolean>
  </void>
  <void method="put">
   <string>usesubjectkeyidentifier</string>
   <boolean>true</boolean>
  </void>
  <void method="put">
   <string>subjectkeyidentifiercritical</string>
   <boolean>false</boolean>
  </void>
  <void method="put">
   <string>useauthoritykeyidentifier</string>
   <boolean>true</boolean>
  </void>
  <void method="put">
   <string>authoritykeyidentifiercritical</string>
   <boolean>false</boolean>
  </void>
  <void method="put">
   <string>usesubjectalternativename</string>
   <boolean>true</boolean>
  </void>
  <void method="put">
   <string>subjectalternativenamecritical</string>
   <boolean>false</boolean>
  </void>
  <void method="put">
   <string>useissueralternativename</string>
   <boolean>true</boolean>
  </void>
  <void method="put">
   <string>issueralternativenamecritical</string>
   <boolean>false</boolean>
  </void>
  <void method="put">
   <string>usecrldistributionpoint</string>
   <boolean>false</boolean>
  </void>
  <void method="put">
   <string>usedefaultcrldistributionpoint</string>
   <boolean>false</boolean>
  </void>
  <void method="put">
   <string>crldistributionpointcritical</string>
   <boolean>false</boolean>
  </void>
  <void method="put">
   <string>crldistributionpointuri</string>
   <string></string>
  </void>
  <void method="put">
   <string>usefreshestcrl</string>
   <boolean>false</boolean>
  </void>
  <void method="put">
   <string>usecadefinedfreshestcrl</string>
   <boolean>false</boolean>
  </void>
  <void method="put">
   <string>freshestcrluri</string>
   <string></string>
  </void>
  <void method="put">
   <string>crlissuer</string>
   <string></string>
  </void>
  <void method="put">
   <string>usecertificatepolicies</string>
   <boolean>false</boolean>
  </void>
  <void method="put">
   <string>certificatepoliciescritical</string>
   <boolean>false</boolean>
  </void>
  <void method="put">
   <string>certificatepolicies</string>
   <object class="java.util.ArrayList"/>
  </void>
  <void method="put">
   <string>availablekeyalgorithms</string>
   <object class="java.util.ArrayList">
    <void method="add">
     <string>ECDSA</string>
    </void>
   </object>
  </void>
  <void method="put">
   <string>availableeccurves</string>
   <object class="java.util.ArrayList">
    <void method="add">
     <string>P-256</string>
    </void>
   </object>
  </void>
  <void method="put">
   <string>availablebitlengths</string>
   <object class="java.util.ArrayList">
    <void method="add">
     <int>0</int>
    </void>
    <void method="add">
     <int>110</int>
    </void>
    <void method="add">
     <int>112</int>
    </void>
    <void method="add">
     <int>113</int>
    </void>
    <void method="add">
     <int>126</int>
    </void>
    <void method="add">
     <int>128</int>
    </void>
    <void method="add">
     <int>131</int>
    </void>
    <void method="add">
     <int>160</int>
    </void>
    <void method="add">
     <int>161</int>
    </void>
    <void method="add">
     <int>162</int>
    </void>
    <void method="add">
     <int>163</int>
    </void>
    <void method="add">
     <int>167</int>
    </void>
    <void method="add">
     <int>173</int>
    </void>
    <void method="add">
     <int>179</int>
    </void>
    <void method="add">
     <int>189</int>
    </void>
    <void method="add">
     <int>190</int>
    </void>
    <void method="add">
     <int>191</int>
    </void>
    <void method="add">
     <int>192</int>
    </void>
    <void method="add">
     <int>193</int>
    </void>
    <void method="add">
     <int>224</int>
    </void>
    <void method="add">
     <int>225</int>
    </void>
    <void method="add">
     <int>232</int>
    </void>
    <void method="add">
     <int>233</int>
    </void>
    <void method="add">
     <int>236</int>
    </void>
    <void method="add">
     <int>237</int>
    </void>
    <void method="add">
     <int>238</int>
    </void>
    <void method="add">
     <int>239</int>
    </void>
    <void method="add">
     <int>256</int>
    </void>
    <void method="add">
     <int>257</int>
    </void>
    <void method="add">
     <int>281</int>
    </void>
    <void method="add">
     <int>282</int>
    </void>
    <void method="add">
     <int>289</int>
    </void>
    <void method="add">
     <int>307</int>
    </void>
    <void method="add">
     <int>320</int>
    </void>
    <void method="add">
     <int>353</int>
    </void>
    <void method="add">
     <int>367</int>
    </void>
    <void method="add">
     <int>384</int>
    </void>
    <void method="add">
     <int>407</int>
    </void>
    <void method="add">
     <int>409</int>
    </void>
    <void method="add">
     <int>418</int>
    </void>
    <void method="add">
     <int>431</int>
    </void>
    <void method="add">
     <int>512</int>
    </void>
    <void method="add">
     <int>521</int>
    </void>
    <void method="add">
     <int>570</int>
    </void>
    <void method="add">
     <int>1024</int>
    </void>
    <void method="add">
     <int>1536</int>
    </void>
    <void method="add">
     <int>2048</int>
    </void>
    <void method="add">
     <int>3072</int>
    </void>
    <void method="add">
     <int>4096</int>
    </void>
    <void method="add">
     <int>6144</int>
    </void>
    <void method="add">
     <int>8192</int>
    </void>
   </object>
  </void>
  <void method="put">
   <string>minimumavailablebitlength</string>
   <int>0</int>
  </void>
  <void method="put">
   <string>maximumavailablebitlength</string>
   <int>8192</int>
  </void>
  <void method="put">
   <string>signaturealgorithm</string>
   <null/>
  </void>
  <void method="put">
   <string>usekeyusage</string>
   <boolean>true</boolean>
  </void>
  <void method="put">
   <string>keyusage</string>
   <object class="java.util.ArrayList">
    <void method="add">
     <boolean>true</boolean>
    </void>
    <void method="add">
     <boolean>false</boolean>
    </void>
    <void method="add">
     <boolean>false</boolean>
    </void>
    <void method="add">
     <boolean>false</boolean>
    </void>
    <void method="add">
     <boolean>false</boolean>
    </void>
    <void method="add">
     <boolean>true</boolean>
    </void>
    <void method="add">
     <boolean>true</boolean>
    </void>
    <void method="add">
     <boolean>false</boolean>
    </void>
    <void method="add">
     <boolean>false</boolean>
    </void>
   </object>
  </void>
  <void method="put">
   <string>allowkeyusageoverride</string>
   <boolean>false</boolean>
  </void>
  <void method="put">
   <string>keyusagecritical</string>
   <boolean>true</boolean>
  </void>
  <void method="put">
   <string>useextendedkeyusage</string>
   <boolean>false</boolean>
  </void>
  <void method="put">
   <string>extendedkeyusage</string>
   <object class="java.util.ArrayList"/>
  </void>
  <void method="put">
   <string>extendedkeyusagecritical</string>
   <boolean>false</boolean>
  </void>
  <void method="put">
   <string>usedocumenttypelist</string>
   <boolean>false</boolean>
  </void>
  <void method="put">
   <string>documenttypelistcritical</string>
   <boolean>false</boolean>
  </void>
  <void method="put">
   <string>documenttypelist</string>
   <object class="java.util.ArrayList"/>
  </void>
  <void method="put">
   <string>availablecas</string>
   <object class="java.util.ArrayList">
    <void method="add">
     <int>-1</int>
    </void>
   </object>
  </void>
  <void method="put">
   <string>usedpublishers</string>
   <object class="java.util.ArrayList"/>
  </void>
  <void method="put">
   <string>useocspnocheck</string>
   <boolean>false</boolean>
  </void>
  <void method="put">
   <string>useldapdnorder</string>
   <boolean>false</boolean>
  </void>
  <void method="put">
   <string>usecustomdnorder</string>
   <boolean>false</boolean>
  </void>
  <void method="put">
   <string>usemicrosofttemplate</string>
   <boolean>false</boolean>
  </void>
  <void method="put">
   <string>microsofttemplate</string>
   <string></string>
  </void>
  <void method="put">
   <string>usemsobjectsidextension</string>
   <boolean>true</boolean>
  </void>
  <void method="put">
   <string>usecardnumber</string>
   <boolean>false</boolean>
  </void>
  <void method="put">
   <string>usecnpostfix</string>
   <boolean>false</boolean>
  </void>
  <void method="put">
   <string>cnpostfix</string>
   <string></string>
  </void>
  <void method="put">
   <string>usesubjectdnsubset</string>
   <boolean>false</boolean>
  </void>
  <void method="put">
   <string>subjectdnsubset</string>
   <object class="java.util.ArrayList"/>
  </void>
  <void method="put">
   <string>usesubjectaltnamesubset</string>
   <boolean>false</boolean>
  </void>
  <void method="put">
   <string>subjectaltnamesubset</string>
   <object class="java.util.ArrayList"/>
  </void>
  <void method="put">
   <string>usepathlengthconstraint</string>
   <boolean>false</boolean>
  </void>
  <void method="put">
   <string>pathlengthconstraint</string>
   <int>0</int>
  </void>
  <void method="put">
   <string>useqcstatement</string>
   <boolean>false</boolean>
  </void>
  <void method="put">
   <string>usepkixqcsyntaxv2</string>
   <boolean>false</boolean>
  </void>
  <void method="put">
   <string>useqcstatementcritical</string>
   <boolean>false</boolean>
  </void>
  <void method="put">
   <string>useqcstatementraname</string>
   <string></string>
  </void>
  <void method="put">
   <string>useqcsematicsid</string>
   <string></string>
  </void>
  <void method="put">
   <string>useqcetsiqccompliance</string>
   <boolean>false</boolean>
  </void>
  <void method="put">
   <string>useqcetsisignaturedevice</string>
   <boolean>false</boolean>
  </void>
  <void method="put">
   <string>useqcetsivaluelimit</string>
   <boolean>false</boolean>
  </void>
  <void method="put">
   <string>qcetsivaluelimit</string>
   <int>0</int>
  </void>
  <void method="put">
   <string>qcetsivaluelimitexp</string>
   <int>0</int>
  </void>
  <void method="put">
   <string>qcetsivaluelimitcurrency</string>
   <string></string>
  </void>
  <void method="put">
   <string>useqcetsiretentionperiod</string>
   <boolean>false</boolean>
  </void>
  <void method="put">
   <string>qcetsiretentionperiod</string>
   <int>0</int>
  </void>
  <void method="put">
   <string>useqccountries</string>
   <boolean>false</boolean>
  </void>
  <void method="put">
   <string>qccountriestring</string>
   <string></string>
  </void>
  <void method="put">
   <string>useqccustomstring</string>
   <boolean>false</boolean>
  </void>
  <void method="put">
   <string>qccustomstringoid</string>
   <string></string>
  </void>
  <void method="put">
   <string>qccustomstringtext</string>
   <string></string>
  </void>
  <void method="put">
   <string>qcetsipds</string>
   <null/>
  </void>
  <void method="put">
   <string>qcetsitype</string>
   <null/>
  </void>
  <void method="put">
   <string>usecertificatetransparencyincerts</string>
   <boolean>false</boolean>
  </void>
  <void method="put">
   <string>usecertificatetransparencyinocsp</string>
   <boolean>false</boolean>
  </void>
  <void method="put">
   <string>usecertificatetransparencyinpublisher</string>
   <boolean>false</boolean>
  </void>
  <void method="put">
   <string>usesubjectdirattributes</string>
   <boolean>false</boolean>
  </void>
  <void method="put">
   <string>usenameconstraints</string>
   <boolean>false</boolean>
  </void>
  <void method="put">
   <string>useauthorityinformationaccess</string>
   <boolean>false</boolean>
  </void>
  <void method="put">
   <string>caissuers</string>
   <object class="java.util.ArrayList"/>
  </void>
  <void method="put">
   <string>usedefaultcaissuer</string>
   <boolean>false</boolean>
  </void>
  <void method="put">
   <string>usedefaultocspservicelocator</string>
   <boolean>false</boolean>
  </void>
  <void method="put">
   <string>ocspservicelocatoruri</string>
   <string></string>
  </void>
  <void method="put">
   <string>cvcaccessrights</string>
   <int>3</int>
  </void>
  <void method="put">
   <string>usedcertificateextensions</string>
   <object class="java.util.ArrayList"/>
  </void>
  <void method="put">
   <string>approvals</string>
   <object class="java.util.LinkedHashMap">
    <void method="put">
     <object class="java.lang.Enum" method="valueOf">
      <class>org.cesecore.certificates.ca.ApprovalRequestType</class>
      <string>KEYRECOVER</string>
     </object>
     <int>-1</int>
    </void>
    <void method="put">
     <object class="java.lang.Enum" method="valueOf">
      <class>org.cesecore.certificates.ca.ApprovalRequestType</class>
      <string>REVOCATION</string>
     </object>
     <int>-1</int>
    </void>
    <void method="put">
     <object class="java.lang.Enum" method="valueOf">
      <class>org.cesecore.certificates.ca.ApprovalRequestType</class>
      <string>ADDEDITENDENTITY</string>
     </object>
     <int>-1</int>
    </void>
   </object>
  </void>
  <void method="put">
   <string>useprivkeyusageperiodnotbefore</string>
   <boolean>false</boolean>
  </void>
  <void method="put">
   <string>useprivkeyusageperiod</string>
   <boolean>false</boolean>
  </void>
  <void method="put">
   <string>useprivkeyusageperiodnotafter</string>
   <boolean>false</boolean>
  </void>
  <void method="put">
   <string>privkeyusageperiodstartoffset</string>
   <long>0</long>
  </void>
  <void method="put">
   <string>privkeyusageperiodlength</string>
   <long>63072000</long>
  </void>
  <void method="put">
   <string>usesingleactivecertificateconstraint</string>
   <boolean>false</boolean>
  </void>
  <void method="put">
   <string>overridableextensionoids</string>
   <object class="java.util.LinkedHashSet"/>
  </void>
  <void method="put">
   <string>nonoverridableextensionoids</string>
   <object class="java.util.LinkedHashSet"/>
  </void>
  <void method="put">
   <string>eabnamespaces</string>
   <object class="java.util.LinkedHashSet"/>
  </void>
  <void method="put">
   <string>allowcertsnoverride</string>
   <boolean>false</boolean>
  </void>
  <void method="put">
   <string>usecustomdnorderldap</string>
   <boolean>false</boolean>
  </void>
 </object>
</java>
